,1.1.1,1.1.2,1.1.3,1.1.4,1.2.1,1.2.2,1.2.3,1.2.4,1.3.1,1.3.2,1.3.3,1.3.4,1.4.1,1.4.2,1.4.3,1.4.4,1.5.1,1.5.2,1.5.3,1.5.4,1.6.1,1.6.2,1.6.3,1.6.4,1.7.1,1.7.2,1.7.3,1.7.4,2.1.1,2.1.2,2.1.3,2.1.4,2.2.1,2.2.2,2.2.3,2.2.4,2.3.1,2.3.2,2.3.3,2.3.4,2.4.1,2.4.2,2.4.3,2.4.4,2.5.1,2.5.2,2.5.3,2.5.4,2.6.1,2.6.2,2.6.3,2.6.4,2.7.1,2.7.2,2.7.3,2.7.4,0.0.0,0.0,4.3,4.1,1.6,3.6,1.2,3.2,2.4,4.5,1.4,3.4,2.1,4.2,1.3,3.3,2.3,4.4,1.5,3.5,2.2,1.1,3.1
0.0,-29604.97671121285,-29493.505600817938,-29768.827857007847,-29432.239447807453,-31931.49074614908,-31922.473980024006,-31447.980455159293,-31977.5134065741,-29969.21843819143,-29860.819779925245,-29937.38625982799,-29951.673674112906,-31425.0990037941,-31411.919001804163,-31186.620908126402,-31467.106486135075,-36437.397656591216,-35964.866737728094,-36238.71140880964,-35787.577957395435,-37611.64781585612,-37230.05546576979,-37406.79836759852,-36978.892734662135,-45306.416472561,-45832.23193096174,-44510.60694515653,-46074.87605634518,-30112.37462288751,-30214.18355390591,-30206.08518666347,-29894.024463930517,-25332.972328159256,-25167.522735606923,-25464.342461945194,-25453.656284380297,-23043.149999999976,-23043.149999999976,-23043.149999999976,-23043.149999999976,-35294.72726492956,-34890.665155801806,-35196.40167987523,-34880.96557265177,-29246.99683485316,-29359.339299535717,-29179.241730451467,-29265.196656762586,-40688.79216451823,-41291.853035205524,-41167.2855699231,-40399.72036264847,-42759.938209928696,-42906.716379528945,-42748.49002344628,-42864.20536293702,inf,inf,inf,inf,inf,inf,inf,inf,inf,inf,inf,inf,inf,inf,inf,inf,inf,inf,inf,inf,inf,inf,inf
1.1,-15879.532710730413,-16268.415145507284,-16208.3799806812,-16049.473055889308,-15958.625326782885,-15809.477195455825,-15612.006289569505,-15892.122123272158,-15043.398184710153,-14896.27170197052,-15040.891090662682,-17388.061197173985,-15792.75629988484,-18141.1860316772,-15776.2058210875,-15775.91247443543,-14815.492387088361,-17732.79248536478,-17733.84151816676,-17641.664718595548,-15463.853134759804,-18443.833267317197,-15480.27661814052,-15506.39062203294,-18465.543084247063,-18124.15813997902,-18432.342748036885,-18396.033936425567,-16320.22893559231,-16294.632746913378,-16261.090491246552,-16291.168879595498,-15360.208170008518,-15339.453650512964,-15355.550505128651,-15352.964261506011,-15932.340259179606,-15933.751754269651,-15927.402277072064,-15937.114559192818,-17575.798974706813,-17014.508451502625,-16790.16731541949,-17551.46543485637,-17288.258224525125,-15109.11754323571,-15111.245611416083,-15113.40094376037,-16914.451664088116,-16890.175046684257,-16945.081580683553,-16926.61128870707,-17422.822709106153,-17458.200741751007,-17407.24386969889,-17466.10652445413,0.0,inf,inf,inf,inf,inf,inf,inf,inf,inf,inf,inf,inf,inf,inf,inf,inf,inf,inf,inf,inf,inf,inf
1.2,-10066.895592919765,-11851.24951748825,-11964.234802385046,-11971.676149084817,-10268.645034853926,-10019.78113386596,-12904.922632610835,-10087.939189082941,-12329.359379928796,-12173.724017614744,-12062.196491682194,-14786.285664145764,-12811.427727918854,-12810.390329706817,-12871.873559045236,-12810.842125370194,-11194.565202785156,-11263.115162212573,-11117.592345795034,-10932.466287795274,-15005.434444153647,-11011.718169989399,-11502.249369620007,-11692.96632709655,-13966.570482846495,-13963.718744506203,-13965.886896472966,-13965.758482850597,-10224.440324941002,-10276.742181280504,-10211.389466439154,-10273.40662847483,-11096.982364446385,-10820.41437680989,-11135.47960550003,-11075.261361002977,-10467.80609536091,-10479.784076087872,-10111.892817395988,-10476.22659679938,-11531.867801600796,-11518.176065900032,-11446.344742720896,-11531.382318158816,-12653.836139040777,-12654.277005208047,-12657.662868939298,-12664.399051376004,-13001.954667373087,-13228.755201177059,-13291.317815715705,-13228.943041978877,-17389.935742927737,-13692.364654136716,-13631.032234307137,-13728.00133916281,0.0,inf,inf,inf,inf,inf,inf,inf,inf,inf,inf,inf,inf,inf,inf,inf,inf,inf,inf,inf,inf,inf,inf
1.3,-29076.40301400684,-29044.45106653702,-29049.667680814353,-29003.45961499594,-29355.29537514097,-29237.807169793432,-29169.41934124473,-29237.863633295954,-29526.89464172938,-29627.404030602822,-29613.439134656113,-29603.83443097565,-28986.098613740494,-28968.204161478003,-29951.124344325763,-28920.348220459233,-31290.415821418625,-29875.581206411614,-29875.21744975938,-29824.354984154004,-30978.482657047425,-30970.612611258697,-29395.693430628744,-29416.295135408982,-30535.104614572407,-29939.635733299914,-30431.985300106997,-30463.10063368877,-28918.22854676617,-29163.25774526863,-28907.64065047534,-29151.096974457687,-28918.296599560672,-29306.879835057072,-28926.226908671342,-29311.311596471278,-28952.137119994964,-28954.054693972015,-28951.39581744282,-28955.158622104944,-29337.24852078357,-29359.326642938155,-29290.669932572466,-29350.51263363949,-29272.12710180608,-29289.010806984425,-29285.084764584215,-29287.347851208626,-30044.816835507263,-31899.594827160574,-30049.312108114653,-29968.933839320936,-30919.25031163462,-30894.93572302816,-30847.509598260112,-30868.53820102009,0.0,inf,inf,inf,inf,inf,inf,inf,inf,inf,inf,inf,inf,inf,inf,inf,inf,inf,inf,inf,inf,inf,inf
1.4,-10217.747684967635,-10078.581093621424,-9865.933254954063,-9831.909865148016,-10156.727536796114,-10270.431648927814,-10217.30978632455,-10215.350749837697,-9709.67373894448,-9645.70689961125,-12387.571896083744,-9651.419879831112,-10218.11605229158,-10175.89281039638,-10082.067080218572,-10024.843582266938,-11338.862928526974,-10796.863453384904,-11118.664067626523,-11200.116470784804,-11860.858885063288,-11692.963924901691,-11811.33685659412,-11810.063216290018,-13967.250867065432,-9661.892555980698,-14091.279472866405,-14091.119008414196,-10508.29831108822,-10459.783868215825,-10464.923576294197,-10462.478165174067,-11013.970961652647,-10998.166940874082,-11050.49361889346,-11126.364045943661,-10451.690224083986,-10457.41920697991,-10456.55684020722,-10471.99383131169,-14638.149042742083,-11503.447826507985,-11424.065251700253,-14635.12107631473,-9931.927608647136,-9947.926571538514,-9947.6563117706,-9970.543647839948,-13291.681609476975,-13291.63588117155,-13346.207435457894,-13315.870354377941,-9619.564119702805,-9623.691499773193,-13709.154706913147,-9614.726776012785,0.0,inf,inf,inf,inf,inf,inf,inf,inf,inf,inf,inf,inf,inf,inf,inf,inf,inf,inf,inf,inf,inf,inf
1.5,-30765.665613891593,-30789.521006134353,-30571.194081703357,-30673.024946955717,-31168.66127736197,-32939.96859695547,-34225.6765348304,-32198.435947384238,-31874.43587458866,-31872.28702290419,-31169.204473223017,-32450.21729732844,-34268.5361456192,-33138.14473919515,-33126.62044453552,-34261.26494449051,-33810.11894185815,-32684.453455551207,-34787.41438522109,-35713.1435215874,-33806.82244595328,-32515.74122613959,-31099.157368603475,-33822.05876677311,-40198.50416854085,-32974.95298883712,-36945.87579897803,-32945.7465727644,-30694.956623965318,-30604.208272924618,-30908.295297261586,-30772.841174645757,-31755.792872766375,-31278.384417616922,-31454.566553883462,-31279.024784229965,-30566.14999999936,-30566.149999999434,-30566.14999999937,-30566.14999999937,-34120.66630854081,-36524.32800228562,-34056.53765220866,-33128.633690103954,-30776.193080152276,-30777.703612204128,-30779.738489145668,-32449.842152058278,-39168.31519572007,-36772.421798412586,-35400.02609937213,-35373.80936805303,-31108.200703095954,-33082.67150472566,-33041.25365872201,-36450.76409016285,0.0,inf,inf,inf,inf,inf,inf,inf,inf,inf,inf,inf,inf,inf,inf,inf,inf,inf,inf,inf,inf,inf,inf
1.6,-23242.23030270889,-23890.50657830748,-23883.553181661475,-23935.570423207857,-23805.406220010354,-25084.382029549502,-25178.784383224043,-23530.548699139326,-23975.500141793822,-23975.49155673208,-23854.429975138795,-23937.409084134386,-23480.42552195662,-23482.250442250508,-23274.703069773015,-23464.730339484093,-24354.564351132547,-24430.223251260555,-24349.340719105934,-24428.365803287652,-23145.976393992893,-23170.329673232376,-25345.794923187415,-25075.33537439559,-27477.928065216194,-24597.224507957566,-27462.98472570366,-24441.932673681626,-23960.42216797216,-23920.829959234536,-23906.946860744283,-23899.370472234317,-23368.945630740673,-23305.070278041272,-23320.60464374434,-23379.62907489096,-23466.16736421847,-23487.02571622686,-23453.39504275473,-23475.376820132158,-24037.8316226554,-24177.91768843858,-24110.569521424375,-24139.315334746236,-25243.365184255275,-23970.046227132523,-23949.20839343361,-23956.25661674925,-25488.70318798722,-25410.883577042638,-27905.374338987116,-25536.0514690323,-23627.65674353396,-23488.16718492101,-23634.642437689523,-23645.86030776693,0.0,inf,inf,inf,inf,inf,inf,inf,inf,inf,inf,inf,inf,inf,inf,inf,inf,inf,inf,inf,inf,inf,inf
2.1,-20399.659491740982,-17310.816721881212,-20071.801699339117,-20004.209614959927,-21831.94548878897,-17852.99977043303,-19972.92269696444,-19862.223703221607,-18608.425924741892,-17965.558723187616,-17114.10732120433,-17074.814508748364,-19478.903807658993,-22064.717653228334,-18084.637852024403,-19432.726912465037,-20861.822211277402,-19049.872062773593,-20678.22507359815,-25258.456685526577,-17619.674624818654,-17695.513782738133,-17817.246508852917,-23548.23661574683,-18880.943901495182,-21818.10939782757,-21725.76463200985,-21741.384197517807,-23009.47898039398,-20384.095073912766,-22172.835147632028,-22825.992776926993,-18255.477728994,-19563.02914246947,-21110.520981825633,-19620.832976008973,-16980.1382841273,-16980.13826251359,-16980.138040095706,-16980.13701024671,-20336.937073453882,-20362.36949144719,-18466.095854228588,-18512.93941371721,-18428.0734879003,-18477.24661863265,-19699.44706297393,-17163.71468355197,-21874.00223694963,-23961.583503062757,-19498.415327395218,-21863.78112323202,-17165.492487316602,-20271.6177154469,-20147.72657869713,-17409.961348525016,0.0,inf,inf,inf,inf,inf,inf,inf,inf,inf,inf,inf,inf,inf,inf,inf,inf,inf,inf,inf,inf,inf,inf
2.2,-17733.389129302293,-17816.99536633573,-22863.573703019974,-20231.16467015908,-17981.88787818887,-17739.308570758993,-17693.363623705805,-19794.650275888845,-17922.46812203438,-17226.862003200386,-17118.80513945886,-17217.49806670721,-20973.90324896373,-19687.215333401957,-19633.188317095715,-19662.270543882227,-19172.46940152128,-17090.905039906105,-17006.671561781077,-19084.47768725858,-18009.650665777,-19661.594318096282,-18054.240173686067,-20169.05645183871,-19252.572837153493,-22070.30953268706,-19162.12160189788,-21991.296212128374,-23270.066120809275,-20822.348039470075,-23225.035949483863,-17912.264993556146,-19991.58952220374,-19926.932296938947,-18518.741645390583,-21218.13131326262,-16980.07182732823,-16980.065071059245,-16980.064605256528,-16980.06503892078,-18808.21153411029,-20615.941465993365,-18729.968057103917,-18835.733617396803,-18574.08007375557,-18609.225664388363,-18600.103871313582,-17290.577732923342,-19937.73976364164,-17192.18043714852,-19920.568998033654,-17232.920118667793,-17471.50291676459,-22914.479534191723,-20437.079559840302,-17822.551028729045,0.0,inf,inf,inf,inf,inf,inf,inf,inf,inf,inf,inf,inf,inf,inf,inf,inf,inf,inf,inf,inf,inf,inf
2.3,-43805.6504003594,-41708.75531569787,-43517.749974907834,-43823.09394916051,-38829.42324984342,-39333.86143581933,-38974.44788491319,-37243.39604418554,-24547.25545199399,-24312.407368101314,-24306.49819196137,-24446.607122823298,-32164.30354352313,-32211.525010498295,-32441.686907030613,-32441.49353104854,-37193.11104190512,-36898.82669482548,-37144.50412612353,-36811.69136305338,-38326.75707855381,-38243.32800628703,-38523.05787438993,-38870.110155928574,-46867.53253713245,-46631.57530802187,-46009.92080552209,-46528.89288474442,-44717.1109058183,-44323.171366975905,-44397.006225173456,-44319.737422611586,-32883.673325194955,-32516.56188506022,-32403.97915717069,-32756.282218878972,-16980.149999999972,-16980.149999999972,-16980.149999999972,-16980.149999999972,-36119.183170935954,-35412.05035105776,-35802.4990569161,-36163.386470505604,-30105.111506974463,-29497.773545360244,-29865.262896886452,-30448.408635976244,-42478.36696791011,-42690.19533286141,-42578.682035402344,-42110.62794391809,-43572.917070865136,-43488.32359558041,-43379.82245286505,-44087.63668786541,0.0,inf,inf,inf,inf,inf,inf,inf,inf,inf,inf,inf,inf,inf,inf,inf,inf,inf,inf,inf,inf,inf,inf
2.4,-17233.580568537986,-22452.502311596654,-17032.711484004994,-19996.093512721574,-17432.46137155112,-21987.63252460305,-18059.41816037123,-17898.990367370152,-17287.50389545692,-17314.657045411004,-17214.985197886752,-17293.103420015897,-19411.64111609358,-18171.203722341408,-18182.952256084016,-18146.84337193993,-17049.015414890746,-17023.706530634154,-16959.679188990922,-18885.744981261854,-17852.685655515044,-19920.262267127866,-17869.875600730884,-17979.048636178883,-19095.964852212743,-19161.477511734593,-19090.690057643955,-21930.812735707957,-20826.473989359936,-20783.178057341705,-18086.789391851944,-18084.327541739025,-16932.45256304339,-18462.22851711433,-21095.931691274454,-18485.689827389782,-16870.647461796354,-16881.897986182466,-16881.700578696153,-16879.28175815903,-16933.767560879387,-18338.049360510675,-18836.869997854636,-16952.2488470986,-17307.94315340086,-17326.436341373745,-17337.448692392594,-17334.130128339388,-19998.629319885455,-17387.510414221648,-17391.160386489035,-17377.35993640222,-17937.91584572087,-17989.296210504748,-17953.505524391454,-17914.776755165294,0.0,inf,inf,inf,inf,inf,inf,inf,inf,inf,inf,inf,inf,inf,inf,inf,inf,inf,inf,inf,inf,inf,inf
3.1,-20530.3507617157,-20607.1606423029,-23670.088424011745,-26267.116092850323,-21165.04542359369,-25990.541528898408,-21065.264449314433,-31390.026631679015,-19215.928000331158,-21052.627352469884,-26642.203621001554,-19224.501279607517,-18337.27038614569,-19755.51715907661,-21007.796087141665,-20996.7095813787,-18692.60289976574,-18688.235258143934,-18502.40767800552,-19798.86854694824,-19786.634309656238,-19782.58125369842,-21080.790331146723,-18134.6888946736,-23279.88469611153,-23268.725480772337,-21234.034910583843,-18960.156143299682,-29127.36529670014,-20802.81275580955,-23842.21856446202,-23890.37152652941,-20410.443181937047,-22223.742825357964,-23913.892551710112,-23966.33983467909,-18666.157442497155,-19863.937123513308,-19853.526335601797,-18675.429992567195,-22248.379328881012,-24967.532215267056,-22160.829812392127,-22241.610268967248,-16980.1499999537,-16980.14999994896,-16980.14999995396,-16980.14999995401,-20646.463518845667,-20589.228427394624,-22262.321442612305,-22188.330539438655,-19608.5347321116,-21478.827606739353,-17531.273744122725,-21397.883913015565,0.0,inf,inf,inf,inf,inf,inf,inf,inf,inf,inf,inf,inf,inf,inf,inf,inf,inf,inf,inf,inf,inf,inf
3.2,-20199.924152737767,-19726.25777106597,-22977.72449580337,-20062.810805419587,-21015.589615048706,-17999.467396343443,-23137.038811008788,-23529.647367822927,-18864.145915918096,-20558.856336574587,-18814.602656871997,-18912.587444073026,-18161.21063233896,-18055.907963111,-19534.97612803218,-18018.787256596966,-17059.77673973251,-17857.88926871121,-17129.841537675424,-17811.657302199124,-19470.836978721254,-19358.34085711179,-20830.924205432264,-18080.17617748087,-18542.58697625221,-18576.92100416258,-22813.849223194924,-20771.68988743979,-23495.214724234975,-20388.197254699837,-20297.05300971665,-20269.11883721615,-17907.69236426107,-17630.88247888266,-18037.224808219136,-20001.027140478192,-18569.538627338377,-19782.529043709226,-17204.77157411245,-19801.379397749442,-18706.08866271009,-18716.931175131678,-18499.846174724036,-18556.32485524805,-16980.112305014307,-16980.112494418026,-16980.112780672745,-16980.112496046593,-18696.713274626924,-20297.68006600852,-20481.082783485836,-20472.862226518027,-21341.217824352017,-17384.179902107182,-17320.603176795616,-19419.52258696034,0.0,inf,inf,inf,inf,inf,inf,inf,inf,inf,inf,inf,inf,inf,inf,inf,inf,inf,inf,inf,inf,inf,inf
3.3,-13415.082766000098,-13194.429380250644,-13123.294933854122,-13058.581275521134,-12066.112454832746,-11471.274807920508,-11770.2250888167,-12016.34774655692,-12474.870427653803,-12528.082725272012,-12423.743819567298,-12486.167087547916,-10967.325954576063,-10908.80026392169,-10516.141628791436,-10821.229897334026,-11150.862814183754,-11121.429792513642,-11155.53403283178,-11048.721308252363,-10866.376227791716,-10901.278169159157,-10864.466287416595,-10981.256520301808,-10837.831178186445,-13902.297186411488,-10478.337051865099,-10861.814751213591,-13696.444953213577,-13475.651848467827,-13637.729242875752,-13668.613116566261,-13353.647259009158,-13272.204056353503,-10452.515403084733,-10395.119356795629,-12390.20461962655,-12463.399330755376,-10465.262383951569,-10479.029647654199,-12474.484645800912,-12449.809398092828,-14813.36035020338,-12493.816198873816,-11026.252609941492,-11039.994886444287,-11032.7917278724,-11037.27529872031,-12460.57851535238,-12471.536777393823,-12521.586281983991,-12492.969722186663,-12596.143151808417,-13016.580949821604,-12966.080487329833,-13010.986637493887,0.0,inf,inf,inf,inf,inf,inf,inf,inf,inf,inf,inf,inf,inf,inf,inf,inf,inf,inf,inf,inf,inf,inf
3.4,-23412.55033508836,-23057.934540416943,-20039.576654546174,-19612.303090507572,-23663.810724273862,-20871.385277890644,-17966.186764719154,-21140.491624004342,-17079.94638926394,-17113.508732656705,-19005.365541904932,-18883.22440493874,-18237.492564474807,-20937.5731483036,-18125.17560915683,-18098.03528613426,-17250.085970956156,-17197.06728911611,-17133.192506458105,-17048.60301257547,-18212.712144057557,-18152.482816170777,-18131.5972242941,-19661.706847028894,-21063.83616415473,-18649.273341417713,-20829.145149588156,-18780.41658152854,-17191.238553805146,-20613.15829346989,-20382.376507431618,-23556.644833772472,-20204.91785368872,-20081.85498100798,-18017.019654404194,-20171.08814538559,-17261.21023094291,-17247.162375955042,-18554.28484724906,-17287.18675804152,-22131.103790287212,-20564.44423593779,-18668.54304057925,-18465.984722811034,-16980.052296577847,-16980.05078008854,-16980.042602459012,-16980.042226603182,-20352.77963752816,-18480.398376647052,-18556.239740071236,-18520.060388376383,-17391.188977065605,-19367.435008033473,-17170.543598718745,-19335.345703893672,0.0,inf,inf,inf,inf,inf,inf,inf,inf,inf,inf,inf,inf,inf,inf,inf,inf,inf,inf,inf,inf,inf,inf
3.5,-28481.20947253218,-34768.25242148648,-26256.796006626817,-32846.93512373541,-31357.72534996986,-27748.591344178396,-23575.568604470798,-29670.973050284145,-22552.72513516452,-22511.99622137733,-28636.200201878273,-25419.78560194544,-23146.912681930306,-20965.26952867898,-23134.65848687445,-23145.626484533415,-22545.987481661483,-20225.073908964725,-19174.584119721952,-19135.82942766891,-22099.293654766927,-20959.95213996663,-23232.012997127367,-23242.308307041578,-23239.140815086073,-25005.75159994699,-26556.41903916024,-24930.32878909477,-26591.23553258324,-23776.84698421248,-29032.13698075486,-33313.55924565322,-28160.600893190327,-20231.754006440005,-28167.732289967844,-20272.171368720596,-19841.64200517009,-20918.056597599658,-19833.18362568084,-21884.05429555875,-22193.562906709343,-27148.32694927658,-23551.055862119156,-28935.15195446337,-16980.149999999972,-16980.149999999972,-16980.149999999972,-16980.149999999972,-21900.469608963507,-23499.281744865562,-22183.47696406724,-23514.74658743067,-22660.658277649898,-21305.941842151467,-25809.90289615065,-21282.76824297563,0.0,inf,inf,inf,inf,inf,inf,inf,inf,inf,inf,inf,inf,inf,inf,inf,inf,inf,inf,inf,inf,inf,inf
3.6,-19993.83208903466,-19670.347509518797,-19799.51411200605,-20011.649818028567,-18202.52076462939,-17848.25874231096,-20762.563678506478,-20913.653468391734,-19002.17677443677,-18990.669820498028,-16843.141704526304,-18862.33930914061,-18105.735072754524,-19514.956639035594,-18094.05266018113,-18049.759412013012,-17205.860984815492,-17239.02136006184,-17953.53995144405,-17191.515695350834,-18059.289093565505,-18102.902291947743,-18058.685233135617,-20837.823446338665,-18589.11814270183,-18553.011023601466,-18474.273170527063,-20750.813583587973,-19690.742327458764,-20344.329974218686,-16884.647289993125,-20257.624734353456,-17650.99019681794,-17872.274387132056,-18061.17845314142,-17922.114124630603,-17244.823433780948,-17227.679397708045,-17183.37374865391,-17247.316312155308,-18668.0291777014,-18815.871609508562,-18414.07441967057,-18761.836817024374,-16826.859891214637,-16811.12662662233,-16811.62076544785,-16811.74932603882,-16840.163161752404,-18587.83368313116,-16831.647422247024,-18764.996712962773,-17541.049602899384,-19564.414899552132,-17555.736523643995,-17565.085399767024,0.0,inf,inf,inf,inf,inf,inf,inf,inf,inf,inf,inf,inf,inf,inf,inf,inf,inf,inf,inf,inf,inf,inf
4.1,-25887.133111133284,-31800.311927506365,-25785.36371883839,-25791.734263805607,-26805.420642699137,-26413.27984490707,-31368.207649462052,-26373.01365684926,-26239.389810088956,-24334.85292754501,-26316.660923553634,-24352.463728813455,-24978.342854126975,-24982.45832771144,-26334.293985982295,-24860.392419221553,-25138.841463692355,-25236.391782326722,-25161.024727647942,-25247.59355924325,-24780.08720648378,-24785.584072302983,-24738.017636766974,-24790.189189291927,-24827.049817852858,-24466.785203898064,-24421.714611848045,-24368.2972121471,-26369.269970683898,-26003.090868917512,-26266.36719462864,-26184.148435624506,-27634.259496743914,-25528.55221206964,-25580.55937014333,-27560.492651808156,-25179.1769424093,-24568.725298305806,-24548.825467098006,-24278.61349090215,-25890.648143992134,-25809.241324586717,-25863.617501973873,-25815.038104465,-24758.11996936432,-24787.23962484153,-24782.42048027813,-24765.337928804285,-24522.342969262103,-24443.964153156827,-25752.61485822341,-25784.884757627533,-24282.47826249237,-24279.881218980994,-24281.962505256342,-24280.748434250105,0.0,inf,inf,inf,inf,inf,inf,inf,inf,inf,inf,inf,inf,inf,inf,inf,inf,inf,inf,inf,inf,inf,inf
4.2,-29290.610104981934,-26299.19033096498,-26226.051241731744,-29226.458086747196,-26679.970985991276,-29009.695145716563,-26404.81170864639,-26358.089546047897,-26299.118469612447,-26282.169465809293,-26372.52747985201,-26299.251071872477,-24925.71829492707,-26389.684853790543,-26353.46134308643,-26339.858890534808,-25285.62475165538,-25325.60550227305,-25285.921386452796,-26496.917328297,-24772.57499965397,-26297.13310113346,-25634.95804325312,-24848.078803187753,-24556.509086514267,-24551.34968632171,-24520.324812392642,-24514.655700959636,-26684.238133612376,-29696.00226253287,-26480.84756550563,-26558.248884036242,-25729.244233710957,-25520.044795566406,-27638.40766258175,-25706.988550547085,-25259.04610880761,-24600.85221622913,-24582.390568945233,-24873.692089049426,-27529.201221493437,-25876.44937767929,-25959.190028654477,-25904.415965424865,-24782.62978108345,-24783.529478508528,-25857.63633674079,-25848.938352542296,-25613.25618364993,-24580.940513317997,-24679.656178401685,-25744.678101770296,-24429.894621829717,-24430.54278270401,-24430.311597138443,-24429.830900544217,0.0,inf,inf,inf,inf,inf,inf,inf,inf,inf,inf,inf,inf,inf,inf,inf,inf,inf,inf,inf,inf,inf,inf
4.3,-25785.486525118587,-28847.29801655959,-25778.355908912097,-31717.85026657432,-26336.58391173512,-28936.724572459723,-26320.156227299987,-26275.825060860363,-26276.507904267564,-26224.21469539608,-26281.920830636784,-27946.37591621449,-26347.094784898287,-27623.015893767246,-24914.44910542059,-24924.283284862904,-25168.841817922985,-26414.34516255362,-25194.389563692734,-26391.945844208552,-24700.71062529213,-24729.484730698732,-24766.42330085358,-24782.91747829703,-24752.303383852304,-24775.029016318447,-24763.601300458326,-24757.664704205807,-25957.16409728991,-25866.13246108662,-32130.820134105263,-29155.132818065227,-25467.100049826186,-25481.27453096111,-24909.930849865403,-25492.267960209716,-25160.955543602035,-24569.852912424725,-24576.019427298765,-24580.730572349286,-25720.31415368418,-25687.92339176648,-25699.004587723633,-25146.295883811043,-25333.132407628837,-24764.060400006296,-24757.095622409885,-24760.288942383384,-24483.48020125727,-24443.279725177432,-26775.058118273584,-24418.607797541357,-24403.800750443806,-24403.87169489157,-24405.453985943775,-24404.418765808547,0.0,inf,inf,inf,inf,inf,inf,inf,inf,inf,inf,inf,inf,inf,inf,inf,inf,inf,inf,inf,inf,inf,inf
4.4,-26169.254502433872,-25930.845653772267,-26379.713729154344,-29220.605387658456,-26814.39458622153,-26603.69108260038,-26467.55624622257,-29104.100079708616,-26330.61055439977,-28068.532258956682,-26275.88814988939,-24379.00682843059,-25064.206849539994,-25103.138791478952,-25035.00880685158,-25037.70115791037,-25295.264739197257,-25245.87801432485,-25391.365776153652,-25326.32587664045,-24928.55188930532,-24933.218076413472,-24875.033429273473,-24989.248534607163,-24984.058694663567,-24620.61219816854,-24445.096432144448,-24584.91990942098,-32264.957114684636,-29829.42946732482,-26646.798692836543,-29743.684689907706,-27771.41292547808,-25634.596114634274,-25765.256302180514,-25737.612246979526,-25268.17803351931,-24610.165152393172,-24612.53465903442,-24617.715428216547,-26086.13153108582,-27798.7951417868,-26040.35798154005,-26096.485254553467,-24730.561217088965,-24813.519256131643,-24798.961780963604,-24811.564648230815,-24748.709321784223,-25907.10511008866,-24804.72319725422,-24769.85751438919,-24379.612609432716,-24384.757335096263,-24384.402252194588,-24382.584132013566,0.0,inf,inf,inf,inf,inf,inf,inf,inf,inf,inf,inf,inf,inf,inf,inf,inf,inf,inf,inf,inf,inf,inf
4.5,-22939.95267856084,-22641.68933865898,-22640.596715942935,-22099.219193368226,-23697.875129246582,-24135.988859952966,-26533.32331048776,-24072.250370235004,-22460.920507837134,-22500.544720364203,-22273.033799384906,-22309.181108124165,-21920.20829971503,-23629.385983342883,-21870.272201358966,-21872.788373417734,-22630.429095365813,-22633.011653159127,-22596.087752856278,-22544.93844753233,-22152.585625910484,-22118.563784715836,-22131.72503933712,-22155.10525886139,-22187.302279575957,-22020.375380746293,-22140.71736707492,-22130.172382140903,-26777.265851062453,-22806.56053179113,-23043.559984213163,-23264.028781130724,-23606.28466808237,-23482.42161471189,-23654.357272529807,-23593.28458168228,-22528.933758941068,-21686.04596956568,-21681.23323518358,-21685.31426015187,-22303.13144904661,-21967.371903237254,-24283.55413632214,-22295.318472511575,-21876.349664443944,-21887.491654927195,-21794.02240073227,-21886.236776125246,-22248.432598459734,-23624.649584604063,-22243.131163914113,-22213.385987521127,-21692.20655011041,-21688.74300120712,-21671.46266136222,-21939.229166911595,0.0,inf,inf,inf,inf,inf,inf,inf,inf,inf,inf,inf,inf,inf,inf,inf,inf,inf,inf,inf,inf,inf,inf
0.0.0,inf,inf,inf,inf,inf,inf,inf,inf,inf,inf,inf,inf,inf,inf,inf,inf,inf,inf,inf,inf,inf,inf,inf,inf,inf,inf,inf,inf,inf,inf,inf,inf,inf,inf,inf,inf,inf,inf,inf,inf,inf,inf,inf,inf,inf,inf,inf,inf,inf,inf,inf,inf,inf,inf,inf,inf,inf,0.0,inf,inf,inf,inf,inf,inf,inf,inf,inf,inf,inf,inf,inf,inf,inf,inf,inf,inf,inf,inf,inf
1.1.1,inf,inf,inf,inf,inf,inf,inf,inf,inf,inf,inf,inf,inf,inf,inf,inf,inf,inf,inf,inf,inf,inf,inf,inf,inf,inf,inf,inf,inf,inf,inf,inf,inf,inf,inf,inf,inf,inf,inf,inf,inf,inf,inf,inf,inf,inf,inf,inf,inf,inf,inf,inf,inf,inf,inf,inf,inf,inf,-37092.99999646494,inf,inf,inf,inf,inf,inf,inf,inf,inf,inf,inf,inf,inf,inf,inf,inf,inf,inf,inf,inf
1.1.2,inf,inf,inf,inf,inf,inf,inf,inf,inf,inf,inf,inf,inf,inf,inf,inf,inf,inf,inf,inf,inf,inf,inf,inf,inf,inf,inf,inf,inf,inf,inf,inf,inf,inf,inf,inf,inf,inf,inf,inf,inf,inf,inf,inf,inf,inf,inf,inf,inf,inf,inf,inf,inf,inf,inf,inf,inf,inf,-37092.999987483294,inf,inf,inf,inf,inf,inf,inf,inf,inf,inf,inf,inf,inf,inf,inf,inf,inf,inf,inf,inf
1.1.3,inf,inf,inf,inf,inf,inf,inf,inf,inf,inf,inf,inf,inf,inf,inf,inf,inf,inf,inf,inf,inf,inf,inf,inf,inf,inf,inf,inf,inf,inf,inf,inf,inf,inf,inf,inf,inf,inf,inf,inf,inf,inf,inf,inf,inf,inf,inf,inf,inf,inf,inf,inf,inf,inf,inf,inf,inf,inf,-37092.999996072154,inf,inf,inf,inf,inf,inf,inf,inf,inf,inf,inf,inf,inf,inf,inf,inf,inf,inf,inf,inf
1.1.4,inf,inf,inf,inf,inf,inf,inf,inf,inf,inf,inf,inf,inf,inf,inf,inf,inf,inf,inf,inf,inf,inf,inf,inf,inf,inf,inf,inf,inf,inf,inf,inf,inf,inf,inf,inf,inf,inf,inf,inf,inf,inf,inf,inf,inf,inf,inf,inf,inf,inf,inf,inf,inf,inf,inf,inf,inf,inf,-37092.999996072154,inf,inf,inf,inf,inf,inf,inf,inf,inf,inf,inf,inf,inf,inf,inf,inf,inf,inf,inf,inf
1.2.1,inf,inf,inf,inf,inf,inf,inf,inf,inf,inf,inf,inf,inf,inf,inf,inf,inf,inf,inf,inf,inf,inf,inf,inf,inf,inf,inf,inf,inf,inf,inf,inf,inf,inf,inf,inf,inf,inf,inf,inf,inf,inf,inf,inf,inf,inf,inf,inf,inf,inf,inf,inf,inf,inf,inf,inf,inf,inf,inf,-33851.99997611714,inf,inf,inf,inf,inf,inf,inf,inf,inf,inf,inf,inf,inf,inf,inf,inf,inf,inf,inf
1.2.2,inf,inf,inf,inf,inf,inf,inf,inf,inf,inf,inf,inf,inf,inf,inf,inf,inf,inf,inf,inf,inf,inf,inf,inf,inf,inf,inf,inf,inf,inf,inf,inf,inf,inf,inf,inf,inf,inf,inf,inf,inf,inf,inf,inf,inf,inf,inf,inf,inf,inf,inf,inf,inf,inf,inf,inf,inf,inf,inf,-33851.99998730767,inf,inf,inf,inf,inf,inf,inf,inf,inf,inf,inf,inf,inf,inf,inf,inf,inf,inf,inf
1.2.3,inf,inf,inf,inf,inf,inf,inf,inf,inf,inf,inf,inf,inf,inf,inf,inf,inf,inf,inf,inf,inf,inf,inf,inf,inf,inf,inf,inf,inf,inf,inf,inf,inf,inf,inf,inf,inf,inf,inf,inf,inf,inf,inf,inf,inf,inf,inf,inf,inf,inf,inf,inf,inf,inf,inf,inf,inf,inf,inf,-33851.999959554174,inf,inf,inf,inf,inf,inf,inf,inf,inf,inf,inf,inf,inf,inf,inf,inf,inf,inf,inf
1.2.4,inf,inf,inf,inf,inf,inf,inf,inf,inf,inf,inf,inf,inf,inf,inf,inf,inf,inf,inf,inf,inf,inf,inf,inf,inf,inf,inf,inf,inf,inf,inf,inf,inf,inf,inf,inf,inf,inf,inf,inf,inf,inf,inf,inf,inf,inf,inf,inf,inf,inf,inf,inf,inf,inf,inf,inf,inf,inf,inf,-33851.999915437824,inf,inf,inf,inf,inf,inf,inf,inf,inf,inf,inf,inf,inf,inf,inf,inf,inf,inf,inf
1.3.1,inf,inf,inf,inf,inf,inf,inf,inf,inf,inf,inf,inf,inf,inf,inf,inf,inf,inf,inf,inf,inf,inf,inf,inf,inf,inf,inf,inf,inf,inf,inf,inf,inf,inf,inf,inf,inf,inf,inf,inf,inf,inf,inf,inf,inf,inf,inf,inf,inf,inf,inf,inf,inf,inf,inf,inf,inf,inf,inf,inf,-24266.991425477972,-24266.990472753303,inf,inf,inf,inf,inf,inf,inf,inf,inf,inf,inf,inf,inf,inf,inf,inf,inf
1.3.2,inf,inf,inf,inf,inf,inf,inf,inf,inf,inf,inf,inf,inf,inf,inf,inf,inf,inf,inf,inf,inf,inf,inf,inf,inf,inf,inf,inf,inf,inf,inf,inf,inf,inf,inf,inf,inf,inf,inf,inf,inf,inf,inf,inf,inf,inf,inf,inf,inf,inf,inf,inf,inf,inf,inf,inf,inf,inf,inf,inf,-24266.975408510963,-24266.975408510963,inf,inf,inf,inf,inf,inf,inf,inf,inf,inf,inf,inf,inf,inf,inf,inf,inf
1.3.3,inf,inf,inf,inf,inf,inf,inf,inf,inf,inf,inf,inf,inf,inf,inf,inf,inf,inf,inf,inf,inf,inf,inf,inf,inf,inf,inf,inf,inf,inf,inf,inf,inf,inf,inf,inf,inf,inf,inf,inf,inf,inf,inf,inf,inf,inf,inf,inf,inf,inf,inf,inf,inf,inf,inf,inf,inf,inf,inf,inf,-24266.983865524046,-24266.982072804494,inf,inf,inf,inf,inf,inf,inf,inf,inf,inf,inf,inf,inf,inf,inf,inf,inf
1.3.4,inf,inf,inf,inf,inf,inf,inf,inf,inf,inf,inf,inf,inf,inf,inf,inf,inf,inf,inf,inf,inf,inf,inf,inf,inf,inf,inf,inf,inf,inf,inf,inf,inf,inf,inf,inf,inf,inf,inf,inf,inf,inf,inf,inf,inf,inf,inf,inf,inf,inf,inf,inf,inf,inf,inf,inf,inf,inf,inf,inf,-24266.98547897164,-24266.98547897164,inf,inf,inf,inf,inf,inf,inf,inf,inf,inf,inf,inf,inf,inf,inf,inf,inf
1.4.1,inf,inf,inf,inf,inf,inf,inf,inf,inf,inf,inf,inf,inf,inf,inf,inf,inf,inf,inf,inf,inf,inf,inf,inf,inf,inf,inf,inf,inf,inf,inf,inf,inf,inf,inf,inf,inf,inf,inf,inf,inf,inf,inf,inf,inf,inf,inf,inf,inf,inf,inf,inf,inf,inf,inf,inf,inf,inf,inf,inf,inf,inf,-27306.147041392163,-21042.999998934203,inf,inf,inf,inf,inf,inf,inf,inf,inf,inf,inf,inf,inf,inf,inf
1.4.2,inf,inf,inf,inf,inf,inf,inf,inf,inf,inf,inf,inf,inf,inf,inf,inf,inf,inf,inf,inf,inf,inf,inf,inf,inf,inf,inf,inf,inf,inf,inf,inf,inf,inf,inf,inf,inf,inf,inf,inf,inf,inf,inf,inf,inf,inf,inf,inf,inf,inf,inf,inf,inf,inf,inf,inf,inf,inf,inf,inf,inf,inf,-27420.03254314576,-21042.999997249004,inf,inf,inf,inf,inf,inf,inf,inf,inf,inf,inf,inf,inf,inf,inf
1.4.3,inf,inf,inf,inf,inf,inf,inf,inf,inf,inf,inf,inf,inf,inf,inf,inf,inf,inf,inf,inf,inf,inf,inf,inf,inf,inf,inf,inf,inf,inf,inf,inf,inf,inf,inf,inf,inf,inf,inf,inf,inf,inf,inf,inf,inf,inf,inf,inf,inf,inf,inf,inf,inf,inf,inf,inf,inf,inf,inf,inf,inf,inf,-27214.49648131711,-21042.99999819507,inf,inf,inf,inf,inf,inf,inf,inf,inf,inf,inf,inf,inf,inf,inf
1.4.4,inf,inf,inf,inf,inf,inf,inf,inf,inf,inf,inf,inf,inf,inf,inf,inf,inf,inf,inf,inf,inf,inf,inf,inf,inf,inf,inf,inf,inf,inf,inf,inf,inf,inf,inf,inf,inf,inf,inf,inf,inf,inf,inf,inf,inf,inf,inf,inf,inf,inf,inf,inf,inf,inf,inf,inf,inf,inf,inf,inf,inf,inf,-27377.751076471664,-21042.999998934203,inf,inf,inf,inf,inf,inf,inf,inf,inf,inf,inf,inf,inf,inf,inf
1.5.1,inf,inf,inf,inf,inf,inf,inf,inf,inf,inf,inf,inf,inf,inf,inf,inf,inf,inf,inf,inf,inf,inf,inf,inf,inf,inf,inf,inf,inf,inf,inf,inf,inf,inf,inf,inf,inf,inf,inf,inf,inf,inf,inf,inf,inf,inf,inf,inf,inf,inf,inf,inf,inf,inf,inf,inf,inf,inf,inf,inf,inf,inf,inf,inf,-24266.99667805449,-24266.99630894943,inf,inf,inf,inf,inf,inf,inf,inf,inf,inf,inf,inf,inf
1.5.2,inf,inf,inf,inf,inf,inf,inf,inf,inf,inf,inf,inf,inf,inf,inf,inf,inf,inf,inf,inf,inf,inf,inf,inf,inf,inf,inf,inf,inf,inf,inf,inf,inf,inf,inf,inf,inf,inf,inf,inf,inf,inf,inf,inf,inf,inf,inf,inf,inf,inf,inf,inf,inf,inf,inf,inf,inf,inf,inf,inf,inf,inf,inf,inf,-24266.975408510963,-24266.972676123292,inf,inf,inf,inf,inf,inf,inf,inf,inf,inf,inf,inf,inf
1.5.3,inf,inf,inf,inf,inf,inf,inf,inf,inf,inf,inf,inf,inf,inf,inf,inf,inf,inf,inf,inf,inf,inf,inf,inf,inf,inf,inf,inf,inf,inf,inf,inf,inf,inf,inf,inf,inf,inf,inf,inf,inf,inf,inf,inf,inf,inf,inf,inf,inf,inf,inf,inf,inf,inf,inf,inf,inf,inf,inf,inf,inf,inf,inf,inf,-24266.98547897164,-24266.98547897164,inf,inf,inf,inf,inf,inf,inf,inf,inf,inf,inf,inf,inf
1.5.4,inf,inf,inf,inf,inf,inf,inf,inf,inf,inf,inf,inf,inf,inf,inf,inf,inf,inf,inf,inf,inf,inf,inf,inf,inf,inf,inf,inf,inf,inf,inf,inf,inf,inf,inf,inf,inf,inf,inf,inf,inf,inf,inf,inf,inf,inf,inf,inf,inf,inf,inf,inf,inf,inf,inf,inf,inf,inf,inf,inf,inf,inf,inf,inf,-24266.98008089388,-24266.98008089388,inf,inf,inf,inf,inf,inf,inf,inf,inf,inf,inf,inf,inf
1.6.1,inf,inf,inf,inf,inf,inf,inf,inf,inf,inf,inf,inf,inf,inf,inf,inf,inf,inf,inf,inf,inf,inf,inf,inf,inf,inf,inf,inf,inf,inf,inf,inf,inf,inf,inf,inf,inf,inf,inf,inf,inf,inf,inf,inf,inf,inf,inf,inf,inf,inf,inf,inf,inf,inf,inf,inf,inf,inf,inf,inf,inf,inf,inf,inf,inf,inf,-33234.268581069824,-21042.999997524104,inf,inf,inf,inf,inf,inf,inf,inf,inf,inf,inf
1.6.2,inf,inf,inf,inf,inf,inf,inf,inf,inf,inf,inf,inf,inf,inf,inf,inf,inf,inf,inf,inf,inf,inf,inf,inf,inf,inf,inf,inf,inf,inf,inf,inf,inf,inf,inf,inf,inf,inf,inf,inf,inf,inf,inf,inf,inf,inf,inf,inf,inf,inf,inf,inf,inf,inf,inf,inf,inf,inf,inf,inf,inf,inf,inf,inf,inf,inf,-33724.81457882603,-21042.99997485816,inf,inf,inf,inf,inf,inf,inf,inf,inf,inf,inf
1.6.3,inf,inf,inf,inf,inf,inf,inf,inf,inf,inf,inf,inf,inf,inf,inf,inf,inf,inf,inf,inf,inf,inf,inf,inf,inf,inf,inf,inf,inf,inf,inf,inf,inf,inf,inf,inf,inf,inf,inf,inf,inf,inf,inf,inf,inf,inf,inf,inf,inf,inf,inf,inf,inf,inf,inf,inf,inf,inf,inf,inf,inf,inf,inf,inf,inf,inf,-33586.08687956379,-21042.999994248352,inf,inf,inf,inf,inf,inf,inf,inf,inf,inf,inf
1.6.4,inf,inf,inf,inf,inf,inf,inf,inf,inf,inf,inf,inf,inf,inf,inf,inf,inf,inf,inf,inf,inf,inf,inf,inf,inf,inf,inf,inf,inf,inf,inf,inf,inf,inf,inf,inf,inf,inf,inf,inf,inf,inf,inf,inf,inf,inf,inf,inf,inf,inf,inf,inf,inf,inf,inf,inf,inf,inf,inf,inf,inf,inf,inf,inf,inf,inf,-33586.08687956379,-21042.999997249004,inf,inf,inf,inf,inf,inf,inf,inf,inf,inf,inf
1.7.1,inf,inf,inf,inf,inf,inf,inf,inf,inf,inf,inf,inf,inf,inf,inf,inf,inf,inf,inf,inf,inf,inf,inf,inf,inf,inf,inf,inf,inf,inf,inf,inf,inf,inf,inf,inf,inf,inf,inf,inf,inf,inf,inf,inf,inf,inf,inf,inf,inf,inf,inf,inf,inf,inf,inf,inf,inf,inf,inf,inf,inf,inf,inf,inf,inf,inf,inf,inf,-30652.999999766973,inf,inf,inf,inf,inf,inf,inf,inf,inf,inf
1.7.2,inf,inf,inf,inf,inf,inf,inf,inf,inf,inf,inf,inf,inf,inf,inf,inf,inf,inf,inf,inf,inf,inf,inf,inf,inf,inf,inf,inf,inf,inf,inf,inf,inf,inf,inf,inf,inf,inf,inf,inf,inf,inf,inf,inf,inf,inf,inf,inf,inf,inf,inf,inf,inf,inf,inf,inf,inf,inf,inf,inf,inf,inf,inf,inf,inf,inf,inf,inf,-30652.99999939852,inf,inf,inf,inf,inf,inf,inf,inf,inf,inf
1.7.3,inf,inf,inf,inf,inf,inf,inf,inf,inf,inf,inf,inf,inf,inf,inf,inf,inf,inf,inf,inf,inf,inf,inf,inf,inf,inf,inf,inf,inf,inf,inf,inf,inf,inf,inf,inf,inf,inf,inf,inf,inf,inf,inf,inf,inf,inf,inf,inf,inf,inf,inf,inf,inf,inf,inf,inf,inf,inf,inf,inf,inf,inf,inf,inf,inf,inf,inf,inf,-30652.999998447478,inf,inf,inf,inf,inf,inf,inf,inf,inf,inf
1.7.4,inf,inf,inf,inf,inf,inf,inf,inf,inf,inf,inf,inf,inf,inf,inf,inf,inf,inf,inf,inf,inf,inf,inf,inf,inf,inf,inf,inf,inf,inf,inf,inf,inf,inf,inf,inf,inf,inf,inf,inf,inf,inf,inf,inf,inf,inf,inf,inf,inf,inf,inf,inf,inf,inf,inf,inf,inf,inf,inf,inf,inf,inf,inf,inf,inf,inf,inf,inf,-30652.99999964483,inf,inf,inf,inf,inf,inf,inf,inf,inf,inf
2.1.1,inf,inf,inf,inf,inf,inf,inf,inf,inf,inf,inf,inf,inf,inf,inf,inf,inf,inf,inf,inf,inf,inf,inf,inf,inf,inf,inf,inf,inf,inf,inf,inf,inf,inf,inf,inf,inf,inf,inf,inf,inf,inf,inf,inf,inf,inf,inf,inf,inf,inf,inf,inf,inf,inf,inf,inf,inf,inf,inf,inf,inf,inf,inf,inf,inf,inf,inf,inf,inf,-37356.99999909501,inf,inf,inf,inf,inf,inf,inf,inf,inf
2.1.2,inf,inf,inf,inf,inf,inf,inf,inf,inf,inf,inf,inf,inf,inf,inf,inf,inf,inf,inf,inf,inf,inf,inf,inf,inf,inf,inf,inf,inf,inf,inf,inf,inf,inf,inf,inf,inf,inf,inf,inf,inf,inf,inf,inf,inf,inf,inf,inf,inf,inf,inf,inf,inf,inf,inf,inf,inf,inf,inf,inf,inf,inf,inf,inf,inf,inf,inf,inf,inf,-37356.99999810792,inf,inf,inf,inf,inf,inf,inf,inf,inf
2.1.3,inf,inf,inf,inf,inf,inf,inf,inf,inf,inf,inf,inf,inf,inf,inf,inf,inf,inf,inf,inf,inf,inf,inf,inf,inf,inf,inf,inf,inf,inf,inf,inf,inf,inf,inf,inf,inf,inf,inf,inf,inf,inf,inf,inf,inf,inf,inf,inf,inf,inf,inf,inf,inf,inf,inf,inf,inf,inf,inf,inf,inf,inf,inf,inf,inf,inf,inf,inf,inf,-37356.9999994656,inf,inf,inf,inf,inf,inf,inf,inf,inf
2.1.4,inf,inf,inf,inf,inf,inf,inf,inf,inf,inf,inf,inf,inf,inf,inf,inf,inf,inf,inf,inf,inf,inf,inf,inf,inf,inf,inf,inf,inf,inf,inf,inf,inf,inf,inf,inf,inf,inf,inf,inf,inf,inf,inf,inf,inf,inf,inf,inf,inf,inf,inf,inf,inf,inf,inf,inf,inf,inf,inf,inf,inf,inf,inf,inf,inf,inf,inf,inf,inf,-37356.99999810792,inf,inf,inf,inf,inf,inf,inf,inf,inf
2.2.1,inf,inf,inf,inf,inf,inf,inf,inf,inf,inf,inf,inf,inf,inf,inf,inf,inf,inf,inf,inf,inf,inf,inf,inf,inf,inf,inf,inf,inf,inf,inf,inf,inf,inf,inf,inf,inf,inf,inf,inf,inf,inf,inf,inf,inf,inf,inf,inf,inf,inf,inf,inf,inf,inf,inf,inf,inf,inf,inf,inf,inf,inf,inf,inf,inf,inf,inf,inf,inf,inf,-21306.99999528273,-27718.50338764015,inf,inf,inf,inf,inf,inf,inf
2.2.2,inf,inf,inf,inf,inf,inf,inf,inf,inf,inf,inf,inf,inf,inf,inf,inf,inf,inf,inf,inf,inf,inf,inf,inf,inf,inf,inf,inf,inf,inf,inf,inf,inf,inf,inf,inf,inf,inf,inf,inf,inf,inf,inf,inf,inf,inf,inf,inf,inf,inf,inf,inf,inf,inf,inf,inf,inf,inf,inf,inf,inf,inf,inf,inf,inf,inf,inf,inf,inf,inf,-21306.99997708848,-27660.564953223387,inf,inf,inf,inf,inf,inf,inf
2.2.3,inf,inf,inf,inf,inf,inf,inf,inf,inf,inf,inf,inf,inf,inf,inf,inf,inf,inf,inf,inf,inf,inf,inf,inf,inf,inf,inf,inf,inf,inf,inf,inf,inf,inf,inf,inf,inf,inf,inf,inf,inf,inf,inf,inf,inf,inf,inf,inf,inf,inf,inf,inf,inf,inf,inf,inf,inf,inf,inf,inf,inf,inf,inf,inf,inf,inf,inf,inf,inf,inf,-21306.999998920855,-27689.60216580987,inf,inf,inf,inf,inf,inf,inf
2.2.4,inf,inf,inf,inf,inf,inf,inf,inf,inf,inf,inf,inf,inf,inf,inf,inf,inf,inf,inf,inf,inf,inf,inf,inf,inf,inf,inf,inf,inf,inf,inf,inf,inf,inf,inf,inf,inf,inf,inf,inf,inf,inf,inf,inf,inf,inf,inf,inf,inf,inf,inf,inf,inf,inf,inf,inf,inf,inf,inf,inf,inf,inf,inf,inf,inf,inf,inf,inf,inf,inf,-21306.999997493058,-27704.614978875397,inf,inf,inf,inf,inf,inf,inf
2.3.1,inf,inf,inf,inf,inf,inf,inf,inf,inf,inf,inf,inf,inf,inf,inf,inf,inf,inf,inf,inf,inf,inf,inf,inf,inf,inf,inf,inf,inf,inf,inf,inf,inf,inf,inf,inf,inf,inf,inf,inf,inf,inf,inf,inf,inf,inf,inf,inf,inf,inf,inf,inf,inf,inf,inf,inf,inf,inf,inf,inf,inf,inf,inf,inf,inf,inf,inf,inf,inf,inf,inf,inf,-10972.999999999987,inf,inf,inf,inf,inf,inf
2.3.2,inf,inf,inf,inf,inf,inf,inf,inf,inf,inf,inf,inf,inf,inf,inf,inf,inf,inf,inf,inf,inf,inf,inf,inf,inf,inf,inf,inf,inf,inf,inf,inf,inf,inf,inf,inf,inf,inf,inf,inf,inf,inf,inf,inf,inf,inf,inf,inf,inf,inf,inf,inf,inf,inf,inf,inf,inf,inf,inf,inf,inf,inf,inf,inf,inf,inf,inf,inf,inf,inf,inf,inf,-10972.999999999987,inf,inf,inf,inf,inf,inf
2.3.3,inf,inf,inf,inf,inf,inf,inf,inf,inf,inf,inf,inf,inf,inf,inf,inf,inf,inf,inf,inf,inf,inf,inf,inf,inf,inf,inf,inf,inf,inf,inf,inf,inf,inf,inf,inf,inf,inf,inf,inf,inf,inf,inf,inf,inf,inf,inf,inf,inf,inf,inf,inf,inf,inf,inf,inf,inf,inf,inf,inf,inf,inf,inf,inf,inf,inf,inf,inf,inf,inf,inf,inf,-10972.999999999987,inf,inf,inf,inf,inf,inf
2.3.4,inf,inf,inf,inf,inf,inf,inf,inf,inf,inf,inf,inf,inf,inf,inf,inf,inf,inf,inf,inf,inf,inf,inf,inf,inf,inf,inf,inf,inf,inf,inf,inf,inf,inf,inf,inf,inf,inf,inf,inf,inf,inf,inf,inf,inf,inf,inf,inf,inf,inf,inf,inf,inf,inf,inf,inf,inf,inf,inf,inf,inf,inf,inf,inf,inf,inf,inf,inf,inf,inf,inf,inf,-10972.999999999987,inf,inf,inf,inf,inf,inf
2.4.1,inf,inf,inf,inf,inf,inf,inf,inf,inf,inf,inf,inf,inf,inf,inf,inf,inf,inf,inf,inf,inf,inf,inf,inf,inf,inf,inf,inf,inf,inf,inf,inf,inf,inf,inf,inf,inf,inf,inf,inf,inf,inf,inf,inf,inf,inf,inf,inf,inf,inf,inf,inf,inf,inf,inf,inf,inf,inf,inf,inf,inf,inf,inf,inf,inf,inf,inf,inf,inf,inf,inf,inf,inf,-27744.99999807238,inf,inf,inf,inf,inf
2.4.2,inf,inf,inf,inf,inf,inf,inf,inf,inf,inf,inf,inf,inf,inf,inf,inf,inf,inf,inf,inf,inf,inf,inf,inf,inf,inf,inf,inf,inf,inf,inf,inf,inf,inf,inf,inf,inf,inf,inf,inf,inf,inf,inf,inf,inf,inf,inf,inf,inf,inf,inf,inf,inf,inf,inf,inf,inf,inf,inf,inf,inf,inf,inf,inf,inf,inf,inf,inf,inf,inf,inf,inf,inf,-27744.999985730326,inf,inf,inf,inf,inf
2.4.3,inf,inf,inf,inf,inf,inf,inf,inf,inf,inf,inf,inf,inf,inf,inf,inf,inf,inf,inf,inf,inf,inf,inf,inf,inf,inf,inf,inf,inf,inf,inf,inf,inf,inf,inf,inf,inf,inf,inf,inf,inf,inf,inf,inf,inf,inf,inf,inf,inf,inf,inf,inf,inf,inf,inf,inf,inf,inf,inf,inf,inf,inf,inf,inf,inf,inf,inf,inf,inf,inf,inf,inf,inf,-27744.999985730326,inf,inf,inf,inf,inf
2.4.4,inf,inf,inf,inf,inf,inf,inf,inf,inf,inf,inf,inf,inf,inf,inf,inf,inf,inf,inf,inf,inf,inf,inf,inf,inf,inf,inf,inf,inf,inf,inf,inf,inf,inf,inf,inf,inf,inf,inf,inf,inf,inf,inf,inf,inf,inf,inf,inf,inf,inf,inf,inf,inf,inf,inf,inf,inf,inf,inf,inf,inf,inf,inf,inf,inf,inf,inf,inf,inf,inf,inf,inf,inf,-27744.999984144808,inf,inf,inf,inf,inf
2.5.1,inf,inf,inf,inf,inf,inf,inf,inf,inf,inf,inf,inf,inf,inf,inf,inf,inf,inf,inf,inf,inf,inf,inf,inf,inf,inf,inf,inf,inf,inf,inf,inf,inf,inf,inf,inf,inf,inf,inf,inf,inf,inf,inf,inf,inf,inf,inf,inf,inf,inf,inf,inf,inf,inf,inf,inf,inf,inf,inf,inf,inf,inf,inf,inf,inf,inf,inf,inf,inf,inf,inf,inf,inf,inf,-30916.999999999996,-10972.999999999987,inf,inf,inf
2.5.2,inf,inf,inf,inf,inf,inf,inf,inf,inf,inf,inf,inf,inf,inf,inf,inf,inf,inf,inf,inf,inf,inf,inf,inf,inf,inf,inf,inf,inf,inf,inf,inf,inf,inf,inf,inf,inf,inf,inf,inf,inf,inf,inf,inf,inf,inf,inf,inf,inf,inf,inf,inf,inf,inf,inf,inf,inf,inf,inf,inf,inf,inf,inf,inf,inf,inf,inf,inf,inf,inf,inf,inf,inf,inf,-30916.999999999996,-10972.999999999987,inf,inf,inf
2.5.3,inf,inf,inf,inf,inf,inf,inf,inf,inf,inf,inf,inf,inf,inf,inf,inf,inf,inf,inf,inf,inf,inf,inf,inf,inf,inf,inf,inf,inf,inf,inf,inf,inf,inf,inf,inf,inf,inf,inf,inf,inf,inf,inf,inf,inf,inf,inf,inf,inf,inf,inf,inf,inf,inf,inf,inf,inf,inf,inf,inf,inf,inf,inf,inf,inf,inf,inf,inf,inf,inf,inf,inf,inf,inf,-30916.999999999996,-10972.999999999987,inf,inf,inf
2.5.4,inf,inf,inf,inf,inf,inf,inf,inf,inf,inf,inf,inf,inf,inf,inf,inf,inf,inf,inf,inf,inf,inf,inf,inf,inf,inf,inf,inf,inf,inf,inf,inf,inf,inf,inf,inf,inf,inf,inf,inf,inf,inf,inf,inf,inf,inf,inf,inf,inf,inf,inf,inf,inf,inf,inf,inf,inf,inf,inf,inf,inf,inf,inf,inf,inf,inf,inf,inf,inf,inf,inf,inf,inf,inf,-30916.999999999996,-10972.999999999987,inf,inf,inf
2.6.1,inf,inf,inf,inf,inf,inf,inf,inf,inf,inf,inf,inf,inf,inf,inf,inf,inf,inf,inf,inf,inf,inf,inf,inf,inf,inf,inf,inf,inf,inf,inf,inf,inf,inf,inf,inf,inf,inf,inf,inf,inf,inf,inf,inf,inf,inf,inf,inf,inf,inf,inf,inf,inf,inf,inf,inf,inf,inf,inf,inf,inf,inf,inf,inf,inf,inf,inf,inf,inf,inf,inf,inf,inf,inf,inf,inf,-27744.999987157295,inf,inf
2.6.2,inf,inf,inf,inf,inf,inf,inf,inf,inf,inf,inf,inf,inf,inf,inf,inf,inf,inf,inf,inf,inf,inf,inf,inf,inf,inf,inf,inf,inf,inf,inf,inf,inf,inf,inf,inf,inf,inf,inf,inf,inf,inf,inf,inf,inf,inf,inf,inf,inf,inf,inf,inf,inf,inf,inf,inf,inf,inf,inf,inf,inf,inf,inf,inf,inf,inf,inf,inf,inf,inf,inf,inf,inf,inf,inf,inf,-27744.999997355804,inf,inf
2.6.3,inf,inf,inf,inf,inf,inf,inf,inf,inf,inf,inf,inf,inf,inf,inf,inf,inf,inf,inf,inf,inf,inf,inf,inf,inf,inf,inf,inf,inf,inf,inf,inf,inf,inf,inf,inf,inf,inf,inf,inf,inf,inf,inf,inf,inf,inf,inf,inf,inf,inf,inf,inf,inf,inf,inf,inf,inf,inf,inf,inf,inf,inf,inf,inf,inf,inf,inf,inf,inf,inf,inf,inf,inf,inf,inf,inf,-27744.999997355804,inf,inf
2.6.4,inf,inf,inf,inf,inf,inf,inf,inf,inf,inf,inf,inf,inf,inf,inf,inf,inf,inf,inf,inf,inf,inf,inf,inf,inf,inf,inf,inf,inf,inf,inf,inf,inf,inf,inf,inf,inf,inf,inf,inf,inf,inf,inf,inf,inf,inf,inf,inf,inf,inf,inf,inf,inf,inf,inf,inf,inf,inf,inf,inf,inf,inf,inf,inf,inf,inf,inf,inf,inf,inf,inf,inf,inf,inf,inf,inf,-27744.99998238312,inf,inf
2.7.1,inf,inf,inf,inf,inf,inf,inf,inf,inf,inf,inf,inf,inf,inf,inf,inf,inf,inf,inf,inf,inf,inf,inf,inf,inf,inf,inf,inf,inf,inf,inf,inf,inf,inf,inf,inf,inf,inf,inf,inf,inf,inf,inf,inf,inf,inf,inf,inf,inf,inf,inf,inf,inf,inf,inf,inf,inf,inf,inf,inf,inf,inf,inf,inf,inf,inf,inf,inf,inf,inf,inf,inf,inf,inf,inf,inf,inf,-37341.64260018281,-24530.999999999975
2.7.2,inf,inf,inf,inf,inf,inf,inf,inf,inf,inf,inf,inf,inf,inf,inf,inf,inf,inf,inf,inf,inf,inf,inf,inf,inf,inf,inf,inf,inf,inf,inf,inf,inf,inf,inf,inf,inf,inf,inf,inf,inf,inf,inf,inf,inf,inf,inf,inf,inf,inf,inf,inf,inf,inf,inf,inf,inf,inf,inf,inf,inf,inf,inf,inf,inf,inf,inf,inf,inf,inf,inf,inf,inf,inf,inf,inf,inf,-37335.93360793253,-24530.999999999975
2.7.3,inf,inf,inf,inf,inf,inf,inf,inf,inf,inf,inf,inf,inf,inf,inf,inf,inf,inf,inf,inf,inf,inf,inf,inf,inf,inf,inf,inf,inf,inf,inf,inf,inf,inf,inf,inf,inf,inf,inf,inf,inf,inf,inf,inf,inf,inf,inf,inf,inf,inf,inf,inf,inf,inf,inf,inf,inf,inf,inf,inf,inf,inf,inf,inf,inf,inf,inf,inf,inf,inf,inf,inf,inf,inf,inf,inf,inf,-37328.102342842976,-24530.999999999975
2.7.4,inf,inf,inf,inf,inf,inf,inf,inf,inf,inf,inf,inf,inf,inf,inf,inf,inf,inf,inf,inf,inf,inf,inf,inf,inf,inf,inf,inf,inf,inf,inf,inf,inf,inf,inf,inf,inf,inf,inf,inf,inf,inf,inf,inf,inf,inf,inf,inf,inf,inf,inf,inf,inf,inf,inf,inf,inf,inf,inf,inf,inf,inf,inf,inf,inf,inf,inf,inf,inf,inf,inf,inf,inf,inf,inf,inf,inf,-37350.38914294783,-24530.999999999975
